image_path,roi_x,roi_y,roi_w,roi_h,length_px,width_px,area_px2,mm_per_px,length_mm,width_mm,area_mm2
./P22C-ML_0_calibrated.png,9,0,1119,1080,745.0838012695312,294.39166259765625,152192.5,0.05,37.254190063476564,14.719583129882814,380.4812500000001
